"genotype","DTS","PH","GY"
"Ames23922:250031916/B47",63.8535983483449,218.304147703623,11.152507772412
"Ames26801:250033801/B47",66.2858759440056,204.581555114734,11.7658352777615
"PI601361:250041480/B47",64.3226247324874,222.951925481401,12.6481568281347
"PI601792:250035083/B47",65.0566442668256,206.860073625845,12.4207593328881
"Ames24748:250032522/B47",64.6246199236602,213.655258814734,11.0665737221708
"PI524970:250032455/B47",64.5819155157,209.369332892512,11.3783005936143
"PI601209:250031398/B47",64.1161603893235,212.091555114734,12.5874648604574
"PI601496:250031877/B47",64.1696158931367,211.877851403623,11.5885154468424
"PI601574:250035000/B47",65.0964500977363,203.924147703623,12.4211780781294
"NSL197104:250031583/B47",64.2684912195465,201.09081437029,11.6320535371255
"PI601782:250033466/B47",63.8359586571443,206.035629181401,11.6146027314855
"Ames24749:250034839/B47",67.873874715184,221.052894633374,10.180792640102
"PI550442:250032831/B47",65.3113329096256,196.730073625845,12.3631129357872
"PI607384:250031128/B47",64.858121443709,212.896369925845,11.748339608251
"NSL28965:250031552/B47",64.1391678405686,224.20018264705,11.3521347045954
"B73:250040827/PHZ51",66.774385325141,243.141434145347,12.4032196397836
"Ames24713:250034804/B47",64.8234511749274,216.651468329421,10.8589098527707
"PI531081:250034682/B47",65.9222505348566,196.250547871354,11.9226316402706
"PI601405:250033731/B47",62.5193199971519,201.757851403623,10.3728103665408
"PI601318:250033667/B47",62.8865100632226,199.369332892512,12.129059845942
"B104:250047938/B47",66.6368883311006,202.276740292512,11.8246878278556
"Ames24704:250034761/B47",64.0766123519089,198.526369925845,10.6734129887482
"PI601322:250040790/B47",65.4537842344123,232.941572441517,12.3325440992716
"Ames20120:250031157/B47",65.0660734928648,222.517481036956,12.2919749511785
"PI601728:250035055/B47",63.9931504717212,208.562894633374,11.3912888456442
"NSL32734:250032159/B47",64.2314764185319,201.164888448067,10.6683744017944
"PI601495:250033811/B47",64.3189839769909,208.92451807029,12.3576264743683
"NSL32731:250035189/B47",63.3825504256937,207.739332892512,12.2160379056767
"PI583846:250035070/B47",64.7256652699153,216.177061295874,12.2383383700593
"NSL42872:250032843/B47",62.2302780971171,208.536868387808,10.7965490745162
"PI601774:250033402/B47",65.7519228193939,208.081555114734,13.2685476270433
"Ames28413:250033838/B47",66.9497144695789,204.988962514734,13.1075325575412
"Ames23413:250034591/B47",64.4022601136302,203.248592148067,11.0782562723956
"PI594049:250031130/B47",65.0453544770948,220.758221781401,11.190635356273
"PI539870:250031917/B47",65.6781797763529,215.011227958374,11.8807412725264
"PI550568:250032193/B47",64.2970709579589,204.758592148067,11.5829028796719
"PI587151:250031935/B47",67.3335125408729,210.526740292512,12.7242882667534
"PI601319:250032442/B47",63.8029171179766,193.165258814734,11.6807989362222
"PI597925:250031325/B47",64.9749075570021,211.831925481401,11.1791416797483
"PI638551:250031150/B47",65.8660154778495,216.438311295874,12.4001578135525
"PI601360:250031440/B47",63.1487668413481,201.952666225845,11.4368324298704
"PI601558:250034836/B47",63.3263181940201,203.748690546088,11.9420559306555
"PI550464:250041725/B47",64.5864683692291,210.761644633374,11.2270013177416
"PI533659:250033273/B47",65.1542754068847,198.59081437029,10.6692697313254
"NSL28967:250033491/B47",65.7049646106948,203.266369925845,11.0936238686158
"PI538007:250032771/B47",63.9749666199896,198.090444003623,11.8486819979384
"PI600791:250033467/B47",64.105193665713,194.405629181401,12.5440906616988
"NSL34374:250034617/B47",64.4470199206877,219.13711067029,11.872792119561
"Ames24707:250034758/B47",62.9131305404572,190.127851403623,10.5608364995507
"PI601005:250032182/B47",63.3133121025787,194.100444003623,11.5921500167424
"NSL30054:250034865/B47",63.1867995055118,207.960040932437,10.4039849897764
"NSL81597:250032565/B47",64.2369184773767,205.841555114734,10.2009402374614
"Ames23406:250032412/B47",63.3817245000357,207.498221781401,10.3517780279062
"Ames23424:250032464/B47",62.9439101013938,217.267851403623,11.000268799204
"PI601009:250040770/PHZ51",64.825087491594,234.32472638805,12.2622769820706
"Ames24710:250034673/B47",64.7908139581407,212.572666225845,11.659705512259
"NSL30896:250033826/B47",64.8578917832111,209.01711067029,11.7727304345565
"Ames22755:250034615/B47",65.3270475010921,206.183777336956,11.706540521594
"PI601567:250031452/B47",63.5648898009137,198.321925481401,11.5826504319018
"NSL32736:250035212/B47",63.3086975818046,208.905824101548,11.2929485596391
"PI531082:250034797/B47",63.5041100786967,209.405629181401,11.7508591979901
"PI601006:250031516/B47",64.301929927993,202.072666225845,10.9126084895635
"PI601570:250032468/B47",63.4590861985229,213.173777336956,12.4845389633441
"PI601562:250034800/B47",64.5291907053743,206.683036592512,11.7619398873412
"PI601497:250030994/B47",63.9718096132903,197.378592148067,11.9896301889195
"PI594077:250031893/B47",66.0305800668683,208.368962514734,11.5680587760135
"PI597578:250033591/B47",65.5344983466226,215.294888448067,12.5980556400754
"PI601499:250031159/B47",65.4133810519237,208.072666225845,12.1219398460505
"Ames24750:250040794/B47",65.7231933063634,219.840444003623,11.0620314468415
"PI517971:250032940/B47",64.6310727853058,204.720444003623,10.9744417608218
"PI601727:250035259/B47",63.2903968231162,191.953036592512,11.5223443019632
"PI601783:250031695/B47",65.6761916902253,197.47081437029,12.8667500739987
"PI601725:250033600/B47",65.1484567864109,210.405629181401,13.4541873982933
"PI606769:250040776/B47",64.0080134396448,211.30451807029,11.3212329868164
"EP51:250001441/B47",64.0699889344394,198.647696165883,11.0776189084088
"PI601208:250032429/B47",65.3778302912354,198.832295848067,11.3162627358126
"Ames24712:250041424/B47",65.4997730051154,201.257851403623,10.4945583089459
"NSL30063:250034801/B47",64.227854201029,195.59081437029,11.4624025200856
"PI594078:250031940/B47",65.5289148609845,194.480444003623,12.3650996292543
"EP47:250001446/B47",64.0543730423129,213.3810650489,NA
"PI601229:250031564/B47",66.1199324908579,211.728273883367,12.4033859025736
"Ames23460:250034730/B47",63.4497506045661,202.211555114734,10.7257859678836
"PI601270:250033857/B47",63.9639931484791,193.657061295874,11.8917735491875
"Ames26802:250033803/B47",65.0908717899102,210.489703259178,11.5572695969932
"EP64:250001478/B47",64.0639961940688,203.138719971455,10.5881189197464
"PI601726:250035191/B47",63.5641690811835,192.341555114734,11.4765588388717
"PI517968:250033547/B47",64.8814872196333,199.750547871354,10.1085991234209
"PI601269:250033718/B47",66.2734546468569,214.813406959179,12.8582579949625
"PI601457:250033610/B47",62.5025020634157,215.375952209277,10.6444597792766
"Ames23409:250034833/B47",63.8340507705338,210.297386003597,12.8021043963255
"PI601459:250032594/B47",64.7136856415065,211.96081437029,11.2383713670919
"Ames24709:250032528/B47",63.4589921086706,219.406369925845,10.793039255633
"NSL30885:250033669/B47",67.0766914197492,232.059452722111,11.9814130294264
"PI638553:250034984/B47",66.8115365574804,217.587600866555,11.7821503555614
"Ames23445:250032348/B47",63.676357429809,189.454731080116,9.98891230307349
"PI550567:250035231/B47",63.7888866699618,207.656369925845,11.5791089508267
"NSL32735:250035205/B47",63.2127599140759,201.76711067029,10.1300491266386
"PI601466:250032185/B47",65.5494133526913,207.665258814734,12.4079645274178
"PI533658:250040792/B47",66.2647512106739,199.008221781401,11.3331201544538
"PI601560:250033611/B47",65.190869221557,206.730073625845,12.3126317271248
"NSL30863:250031011/B47",66.0773418961112,204.840444003623,12.5893285208169
"Mo17:250040833/B47",66.5425681782208,213.640117375881,12.5772360386214
"PI601316:250031658/B47",63.7864392871989,190.395811295874,12.2568812435377
"PI600944:250032906/B47",63.4496502490418,208.989332892512,12.54854644536
"Ames24711:250032545/B47",65.0683921026971,216.766740292512,10.8601838456571
"Ames24742:250032447/B47",65.8266662961119,196.3810650489,NA
"Ames19016:250031305/B47",65.1283895698767,201.128221781401,12.2097007349485
"PI538231:250035201/B47",63.7443765472748,213.508592148068,10.5500300039085
"PI601791:250034985/B47",64.5349548571296,225.834977958374,12.6432848837566
"NSL30074:250032441/B47",62.5413086060638,211.647061295874,11.398529600063
"NSL81600:250034831/B47",65.2608047686093,206.443036592512,11.1704378575269
"Ames26755:250031580/B47",65.9914964785628,199.548870290485,11.7477244529086
"Ames24705:250032408/B47",65.0488667184903,214.659981407152,10.917491484558
"PI601729:250033706/B47",66.7614243963426,218.134712624022,10.3233582191469
"PI550466:250031293/B47",66.1924304678483,217.291304566555,12.0147054394051
"PI594080:250031961/B47",66.4440010712895,220.957971233222,11.9838378823203
"PI560074:250031492/B47",66.2262830854221,219.244637899888,12.4399787802332
"Ames28938:250031008/B47",68.1221244306435,222.605749011,13.5573935642205
"Ames14113:250032833/B47",69.4292031271119,236.839080062042,10.8907637638088
"PI527700:250031003/B47",64.6633370648797,234.725749011,12.0902342997257
"PI559918:250031522/B47",66.553815235592,214.216860122111,11.2290767158237
"Ames19328:250031547/B47",67.9657884502055,218.597230499888,12.1530413436055
"PI564717:250032963/B47",66.5638581536592,207.255008277666,11.3974700140527
"Ames28412:250031628/B47",67.3255379953316,213.075389470585,11.894889126639
"Ames19008:250031330/B47",67.5587511250444,223.966489755444,12.5483373786774
"PI186188:250034954/B47",66.0294536624131,222.809082344333,10.9773824249549
"Ames26747:250031650/B47",66.1285859071048,205.310193455444,11.2465725777925
"Ames24989:250033695/B47",67.2775062118011,200.509285549276,12.1155685508163
"Ames26776:250031156/B47",67.1703059126265,228.326648073818,11.7842137629191
"PI601008:250033837/B47",67.1855533663849,209.528446104172,12.4072119131757
"PI531083:250031067/B47",67.9990244369083,239.634637899889,12.073524332661
"NSL67792:250031268/B47",67.4283413716708,222.473440477062,11.5592741060353
"Ames26132:250031125/B47",67.1037758566575,226.726489755444,12.2863799287675
"PI600751:250033671/B47",66.4774841934022,216.290563833222,12.2481351519115
"Ames27184:250031512/B47",64.8143744426417,207.457971233222,12.0262006464865
"Ames19006:250031408/B47",67.4280920356553,217.957971233222,11.7656656855013
"NSL30871:250033841/B47",66.9487391672906,210.917214546354,11.759584298306
"PI601470:250031962/B47",69.8797513540451,225.456134914456,11.9913473482462
"Ames20137:250030999/B47",66.7717146346058,251.160934199889,10.9683962415578
"PI601686:250031450/B47",66.8111891352219,218.152415677666,12.3903927776023
"PI596356:250032396/B47",66.3338220195322,219.689823088778,11.2685118244663
"PI601438:250033530/B47",65.1650069276528,219.290934199889,12.2571522099724
"NSL22984:250040787/B47",66.8922648048991,228.670193455444,10.7011863423918
"PI584528:250031647/B47",65.8781095589588,224.364637899889,11.8258628065749
"NSL65872:250035078/B47",65.174353974757,237.123897166555,10.969634567712
"PI594045:250034759/B47",66.7798435644477,206.930193455444,11.2612291726817
"PI632746:250031010/B47",64.2908485405228,222.430193455444,12.2325175862801
"PI601561:250031396/B47",66.5211648279389,220.616119388777,12.839640567112
"PI597926:250031033/B47",65.1346281036442,224.569452722111,12.4304876260304
"PI601689:250034708/B47",66.0846514377024,198.800563833222,11.6352518586999
"PI221741:250031146/B47",67.2653249622915,206.624637899888,10.4569376479959
"PI601501:250031271/B47",66.623762759845,213.393526788777,13.3277809227922
"PI601494:250033535/B47",66.227018243063,207.347230499889,11.7960165176335
"Ames26753:250031692/B47",65.8634947614423,218.615378644333,10.4814481801793
"PI601576:250031247/B47",67.9612308508683,215.970056245852,12.0210459961018
"PI547086:250033567/B47",65.8215067850648,219.337600866555,11.9194352253453
"Ames27137:250033666/B47",65.7566099259595,211.588341611,11.9927935782982
"PI594081:250032599/B47",66.2664025351852,211.883526788777,12.0069118486301
"PI601685:250031428/B47",67.5274402071085,234.736119388777,11.7833019375959
"Ames22749:250033672/B47",65.2257860959355,222.013526788777,11.8962573984161
"PI221820:250031661/B47",67.2304989885073,238.920934199889,9.81038731653241
"PI595367:250034616/B47",67.3054694566801,221.828341611,12.1326369003972
"PI601079:250031456/B47",66.7795391440968,230.048029441672,12.6718576393438
"Ames24747:250032582/B47",67.2333160171871,205.244637899888,11.1269962029671
"Ames19011:250031433/B47",67.6576698495774,223.583881221354,10.9389012690751
"PI648432:250034694/B47",66.4602264873403,222.883526788777,12.3520353890605
"PI594075:250031895/B47",66.4241468243806,229.065758231365,12.402484280378
"PI561565:250034923/B47",66.7251470252165,222.986119388777,12.652257279811
"PI601440:250033864/B47",66.3130889102231,226.532045311,12.3345031839024
"PI584529:250035176/B47",64.5644196372778,211.912415677666,11.4137724052459
"Ames26780:250035068/B47",66.224650144917,228.384267533222,11.6932449206967
"Ames26748:250033721/B47",65.9766492549979,222.281674944333,11.4641970778853
"Ames27193:250031520/B47",66.5514725491851,223.846860122111,12.0502188728077
"Ames14116:250033794/B47",67.7017396809496,228.698806245852,12.3400448292979
"PI594076:250033586/B47",67.5016965204434,224.541304566555,11.7327395975838
"PI608778:250031031/B47",65.8433765854609,215.446039879304,11.9591834221196
"PI606330:250035081/B47",67.2092951978461,215.180563833222,12.4220096633895
"PI601566:250031261/B47",65.7560755688639,210.022786055444,13.0753845319683
"NC264:250040075/B47",68.085143777597,209.439082344333,12.8274902366156
"PI634211:250033738/B47",65.1506984104247,217.023722795585,11.8774232325135
"PI568159:250032406/B47",68.8682054025377,219.98295082855,12.0419937114135
"PI560081:250033791/B47",67.3346271902536,194.504267533222,11.9265653153471
"PI633840:250032201/B47",67.4802232675561,224.263156422111,11.9697354390706
"CIze45:250034850/B47",66.667843598304,229.393526788778,12.346692111281
"Ames24746:250034629/B47",67.1002383283483,202.467230499888,10.7534440132807
"PI560075:250033668/B47",67.1380421521692,225.383897166555,12.2828346771454
"PI596357:250034671/B47",67.6874680278853,196.985749011,11.1630600090058
"NSL30873:250034753/B47",65.7934765912279,219.467600866555,12.1286123648433
"PI600956:250031548/B47",66.2451422844733,218.096860122111,11.5290293435146
"NSL30067:250031491/B47",65.8544816116717,219.781674944333,11.5261934971098
"NSL30064:250031386/B47",65.5623377647859,229.569082344333,11.4581447961408
"PI601489:250033809/B47",66.2596590886742,219.125008277666,11.3628105995872
"Ames14115:250034754/B47",65.6166866837546,216.476860122111,11.8442301803428
"Ames12727:250035100/B47",70.0733619289601,223.856752409703,13.3691136465461
"PI601788:250031142/B47",66.5862546761375,206.865056245852,12.3662545188666
"PI601403:250035235/B47",66.5814219247301,203.333389583352,11.4978349704997
"PI592735:250035264/B47",67.4258262317623,232.937972920852,11.7958960133187
"PI638552:250031002/B47",65.484642884198,225.940193455444,12.0261330582466
"Ames26754:250033799/B47",68.2418549474422,243.439082344333,11.357035090402
"Ames14114:250032791/B47",67.1285009309762,215.671304566555,12.3201670762245
"PI601500:250031076/B47",66.9582590749815,217.809823088777,11.7911765206367
"PI600955:250031416/B47",66.2047089215788,216.226362766672,12.3579014713233
"PI568158:250033741/B47",68.0248539379219,218.036106131293,11.19152599218
"NSL30879:250033849/B47",67.7658496952879,228.641779441672,10.0639123309893
"Ames19004:250033179/B47",66.1327111960203,215.028446104172,10.4923935575503
"PI634214:250033824/B47",66.0251523518943,234.884267533222,12.158417105625
"PI648430:250031683/B47",66.8693022034775,222.194696104172,12.3936503918096
"Ames26129:250031037/B47",67.3548621679543,238.115008277666,11.0082522498489
"NSL22983:250033845/B47",66.5844325788444,234.430193455444,11.6478840864433
"Ames26751:250031420/B47",67.3148150303564,216.217230499888,11.537193454617
"NSL30872:250033847/B47",65.8096583825877,221.847600866555,11.7170886626632
"Ames28426:250035125/B47",66.5094776500566,209.71717480229,13.3054938417707
"PI601568:250031201/B47",67.1792396102672,208.885889583352,12.084378593079
"PI509542:250035130/PHZ51",68.5826111606106,222.714088112554,12.0518374597655
"PI601565:250031391/PHZ51",64.0717103794796,220.137481036956,12.0173402530853
"4226:250040088/PHZ51",65.8155567078537,233.698727958374,10.7619926096867
"PI601492:250032460/PHZ51",64.7229256931287,237.396740292512,11.5411143078844
"PI648424:250033551/PHZ51",66.1874294379398,236.22081437029,11.3275481486704
"NSL30072:250033233/PHZ51",64.162486080849,224.600073625846,10.4418037170965
"PI594059:250033527/PHZ51",67.4231259133472,232.230457594937,11.6085475882548
"PI594065:250031946/PHZ51",66.8172108015284,229.740073625845,12.1359696893944
"PI594089:250031921/PHZ51",65.8578312064849,237.563406959178,12.232477666075
"PI601780:250031918/PHZ51",65.2103884234748,246.452295848068,11.5499127531383
"Ames24989:250033695/PHZ51",68.3115535790492,238.137481036957,13.4436828057995
"PI594071:250031914/PHZ51",66.6970366202743,250.906369925845,11.9894537671723
"PI601375:250031906/PHZ51",63.4675339934011,224.13711067029,11.7851147055762
"H84:250040171/PHZ51",67.4666259766475,228.92451807029,12.7876138800656
"PI601300:250031885/PHZ51",63.3716562989106,238.303777336956,12.181367012242
"Ames28422:250034799/PHZ51",66.0627937896517,238.026740292512,12.5495312271293
"PI601320:250034941/B47",67.4186646718083,221.406722920852,11.9815786607652
"PI587149:250031958/B47",65.3187732480584,232.467230499888,12.6570018034007
"Ames28425:250034861/B47",68.1904292203487,231.652415677666,11.5486146830219
"Ames27142:250033784/PHZ51",67.1444004453798,241.975952209276,13.627362426771
"PI601037:250031660/PHZ51",65.7134274292909,224.896740292512,12.1915247919349
"PI601789:250033443/PHZ51",64.8544263456602,236.155999559179,12.884584873537
"B76:250047994/PHZ51",65.5104076715438,233.571925481401,11.1311413305941
"PI594072:250031957/PHZ51",66.8521808835921,238.470073625845,11.8416200659054
"PI601572:250033785/PHZ51",65.7743108216971,233.67451807029,11.7734044188344
"PI601402:250031318/PHZ51",65.2830838480561,238.396740292512,11.3083873147047
"PI601563:250033533/PHZ51",67.2078451181726,242.296588112554,11.5099988208402
"PI600954:250033455/PHZ51",65.9028603285103,238.405999559179,12.3901202261282
"Ames23466:250032558/PHZ51",64.9689725465216,229.943406959179,11.6368684843692
"PI601491:250033546/PHZ51",65.5736776501813,233.730444003623,11.6397826444189
"PI601808:250031936/PHZ51",64.0183179017757,230.42451807029,11.8104492288801
"PI594056:250031928/PHZ51",66.3984242342011,235.702295848067,11.3603585565073
"NSL30060:250031308/PHZ51",66.3609267200589,248.591925481401,10.9059555416063
"Ames26022:250033814/PHZ51",67.3174134263832,231.942666225846,11.0187307573292
"NSL81598:250034737/PHZ51",67.3848159029913,243.248962514734,11.2690052119507
"PI601778:250034821/PHZ51",65.4204213430124,233.508219965839,11.1568048305544
"Ames26758:250040763/PHZ51",67.4224138453314,238.915258814735,11.8882886719953
"PI596355:250032414/PHZ51",67.921561890845,249.640754775054,12.4335738931266
"PI594050:250033561/PHZ51",65.8078900956056,223.229332892512,12.0410488146129
"PI601790:250031894/PHZ51",64.1996856256731,237.813036592512,11.8967626048165
"PI601559:250031915/PHZ51",66.981235950631,231.035629181401,12.0334749820415
"PI601784:250031952/PHZ51",65.3572840428855,234.266740292512,12.7982615609652
"Ames27450:250032292/PHZ51",65.1132825733359,237.516740292512,11.1024007652697
"PI601610:250031302/PHZ51",64.3199842559358,232.174147703623,11.9454684291815
"PI648425:250031948/PHZ51",65.8365411887701,233.387481036956,11.5726815526309
"Ames23419:250034814/PHZ51",64.0573027120934,241.943036592512,11.8798124497293
"PI648423:250033433/PHZ51",65.0632419629773,234.544888448067,11.0522584369794
"Ames23465:250033080/PHZ51",65.2964408276137,232.479332892512,12.0900106564881
"Ames23504:250034844/PHZ51",64.4329855996096,237.628221781401,12.0040835596618
"CIze40:250034970/PHZ51",66.7603114092641,244.387481036956,11.1640636655852
"Ames22756:250031925/PHZ51",66.7429785513509,246.841925481401,10.8587978081627
"B105:250040023/PHZ51",67.5709455945994,244.767683386814,10.1761708004022
"PI600772:250034966/PHZ51",65.9865235955982,228.471184736956,11.690374584847
"PI594067:250031910/PHZ51",65.3405293705786,255.479332892512,12.5031880960557
"PI538229:250032194/PHZ51",65.3276865941732,237.258221781401,11.0437907746624
"PI600755:250034718/PHZ51",66.9022369900675,237.025999559178,11.800814612631
"PI601439:250031195/PHZ51",64.754046808664,235.63711067029,11.2901823061259
"PI594070:250033578/PHZ51",65.9291002758549,241.433777336956,12.2483583451592
"Ames15929:250033856/PHZ51",68.3129924761584,230.193036592512,11.1792901495283
"Ames26785:250033820/PHZ51",65.9822045318468,229.285629181401,11.2160349915047
"NSL42875:250033563/PHZ51",65.7463759511748,233.933777336956,11.0551130370564
"H105W:250040018/PHZ51",65.9232478943925,220.22081437029,11.0317248915729
"PI594069:250041727/PHZ51",66.4425879768787,243.156369925845,12.3148312547973
"Ames19283:250031118/PHZ51",66.2051800314662,234.79451807029,12.2220953395385
"Ames23422:250032410/PHZ51",63.6764366950589,225.3810650489,NA
"PI539924:250033659/PHZ51",65.3705555512032,233.508592148067,11.8792380486228
"A680:250047931/PHZ51",65.6008465134669,238.914888448067,12.194462684669
"PI601004:250033532/PHZ51",66.234306807977,230.063406959179,12.9800135068891
"PI538244:250032469/PHZ51",65.8634264790174,248.637481036957,11.7461068675859
"PI601007:250032260/PHZ51",64.5541467866282,227.572666225845,11.9305972369919
"PI601468:250034700/PHZ51",66.9901214520527,238.869703259179,12.9706787197791
"NSL30066:250032454/PHZ51",65.4644835749124,239.740394633374,10.6278859364216
"PI600958:250031412/PHZ51",65.3475298758113,239.414888448067,11.3815643040252
"PI538009:250033869/PHZ51",65.335250557227,230.767851403623,12.2109492352587
"PI594088:250033432/PHZ51",66.4364208582427,225.313777336956,11.7928895036854
"PI601362:250031285/PHZ51",65.9093635702571,249.433777336956,11.6128427992545
"Ames23494:250034838/PHZ51",65.5778203408028,242.187477958374,11.4501749639805
"Ames27138:250031505/PHZ51",67.5971516106737,227.536171437554,12.5234039198606
"PI634215:250031636/PHZ51",66.5304779109847,241.81628415355,12.102304280673
"PI539872:250035092/PHZ51",67.7392471261494,264.313401815499,11.6145675982174
"Ames26808:250040784/PHZ51",67.8649340471716,256.337421437554,10.2393279788337
"PI594063:250033573/PHZ51",67.4720135566496,237.480838965619,NA
"PI601442:250034937/PHZ51",66.1182552085111,250.796588112554,12.3360831408302
"PI601211:250033651/PHZ51",65.432851047446,235.85081437029,12.1730874637562
"PI568160:250032519/PHZ51",66.8608738298046,250.600444003623,12.9195721071159
"PI601575:250035073/PHZ51",67.0413552387491,237.354148046759,12.8660784888512
"PI594087:250031881/PHZ51",66.2906026698377,241.59081437029,11.9802132905108
"PI511310:250031269/PHZ51",66.8835121946998,243.391171437554,11.8814467690035
"PI601417:250031507/PHZ51",65.7921658582737,247.007481036956,11.7222991972459
"Ames27182:250031570/PHZ51",66.8779855635154,263.890754775054,11.8801848081526
"PI648427:250031390/PHZ51",67.1329141871231,239.703671437554,12.6860224490596
"PI601745:250031639/PHZ51",66.62003332342,227.313036592512,11.459714750559
"PI511311:250034705/PHZ51",67.0308469458828,252.715624048833,12.6698114316634
"NSL30874:250033861/PHZ51",67.5354638403059,248.804147703623,11.6431077992457
"Ames23407:250032472/PHZ51",67.7422043859575,238.591184736956,10.3717942878352
"NC264:250040075/PHZ51",67.9632437818727,226.712421437554,13.7714170772769
"NSL30865:250034744/PHZ51",66.5546312874871,250.721555114734,12.009643539541
"PI594053:250033608/PHZ51",68.239760414306,254.630754775054,13.503586276344
"NSL65866:250031578/PHZ51",67.5574773066867,249.339088112554,12.2964170590666
"PI634213:250031575/PHZ51",65.9524910047089,231.183777336956,12.0863696901112
"PI601573:250040800/PHZ51",67.2082998320089,247.303777336956,12.5099711060209
"PI601441:250031013/PHZ51",66.7239956943926,243.785754775054,11.9532621057267
"PI517972:250031155/PHZ51",68.4807066494601,255.570243146454,11.2424074950541
"PI594055:250031959/PHZ51",67.3753860312508,252.509285549276,12.343160664044
"PI638549:250033574/PHZ51",67.3267943682938,246.004504775054,11.6007179568263
"PI511309:250033819/PHZ51",66.5771386913541,252.804147703623,11.4302706542142
"PI594073:250033544/PHZ51",66.8049949045212,261.590444003623,12.6279678212081
"Ames26742:250033733/PHZ51",69.2519259319987,239.473254775054,11.7891561743943
"Ames2523:250032199/PHZ51",68.0768521977868,236.387481036956,11.3394050060612
"Ames25372:250034986/PHZ51",68.9042383685715,256.608254775054,11.8766234079341
"Ames26786:250031382/PHZ51",66.8523186935806,248.439624269937,10.8091742125872
"Ames27161:250033663/PHZ51",66.9422626930952,256.858962514734,12.0465570151028
"PI648429:250033862/PHZ51",66.6734674152321,250.192004775054,11.4584310789134
"38-11:250040073/PHZ51",69.8888082617855,248.422421437554,11.0960445404455
"CIze29:250031187/PHZ51",68.5148542588216,252.008221781401,12.106141710042
"Ames26743:250033792/PHZ51",67.9592101831836,241.84081437029,10.3656086436953
"Ames27065:250031573/PHZ51",67.159070656864,255.150754775054,12.3592871964882
"PI594068:250033554/PHZ51",67.5632920076134,259.129088112554,12.2618579406239
"PI594090:250033545/PHZ51",66.5259764015111,243.248592148067,11.8878445950575
"PI648426:250031668/PHZ51",66.9572348176143,241.071925481401,12.5926451577274
"PI550526:250035133/PHZ51",69.0637384125975,251.665629181401,12.5515642118462
"PI594052:250031902/PHZ51",66.8832814026104,247.964088112554,12.017659520245
"PI594082:250033540/PHZ51",66.2527156186465,235.220444003623,12.0821633676794
"Ames28420:250031283/PHZ51",67.1115852384786,244.980444003623,11.8914002455342
"Ames28419:250034961/PHZ51",67.2458393348671,244.480444003623,12.0822164186923
"B109:250039749/PHZ51",70.8762302974516,261.984801662754,11.5966285594638
"PI600729:250031458/PHZ51",66.7437537261661,248.637481036956,11.7559020039763
"PI601191:250031638/PHZ51",66.1292333367035,245.979332892512,11.9692927837388
"B68:250040182/PHZ51",68.3275307413786,250.878962514734,11.3922708235165
"NSL30866:250040764/PHZ51",68.5555837626691,246.8810650489,NA
"Ames25374:250031254/PHZ51",68.6334093242777,255.327838112554,12.2798345502509
"PI550462:250031535/PHZ51",66.1016275102648,253.063036592512,11.5109110309828
"PI547088:250031445/PHZ51",65.6776504787978,249.415258814734,12.5099537912885
"PI594085:250032274/PHZ51",67.1546648159869,245.915629181401,11.6401871687082
"Ames28418:250031193/PHZ51",66.940205231954,261.492170428869,12.6511254440455
"PI594091:250031907/PHZ51",66.2661439432447,250.684744584412,14.2166800446468
"Ames19019:250033836/PHZ51",66.6091137802322,247.610073625846,11.4634031905719
"Ames23471:250032473/PHZ51",67.3612234115013,245.39961747855,12.4992034946976
"PI594051:250031945/PHZ51",68.2496090735724,257.734088112554,11.4614660157986
"PI601498:250033853/PHZ51",67.3414781895283,266.307004775054,13.0822232111034
"Ames27160:250031274/PHZ51",66.563610641388,241.026171437554,12.7279074138687
"Ames28421:250030990/PHZ51",66.720221652374,254.285629181401,12.6383026544559
"PI594074:250033569/PHZ51",66.2790626801147,238.008592148067,11.3043493129165
"Ames27185:250031571/PHZ51",68.5693559352804,253.411171437554,12.4440091748982
"Ames26021:250034725/PHZ51",68.8390556997707,238.975952209276,11.2055481271098
"Ames22753:250031531/PHZ51",65.9309836356928,246.750547871354,12.1843768662311
"PI601775:250033835/PHZ51",65.2530135295334,234.591555114734,11.8414235516269
"PI550455:250035053/PHZ51",68.2137927151598,254.535999559178,11.543518792912
"PI594058:250033045/PHZ51",66.6955474602691,265.709285549276,12.293641974697
"PI594066:250032577/PHZ51",66.7210022011472,247.877481036956,13.4163308610781
"Ames26744:250031397/PHZ51",67.3819817699575,234.165258814735,11.6854789687082
"PI550463:250031174/PHZ51",65.8702809562994,241.253684406581,10.6458283411837
"PI607382:250035011/PHZ51",66.9092546213957,256.086636633956,12.2101830039643
"Ames27150:250031126/PHZ51",67.1487306051809,252.275999559179,12.2886620203932
"PI638550:250032446/PHZ51",67.31676569022,244.943406959178,12.4246230346062
"EP2008-05:250001510/PHZ51",63.718650073192,229.523971271752,11.7076568272354
"B103:250040806/PHZ51",64.7127062865844,216.765452760641,11.4148617939407
"Ames24736:250034855/PHZ51",65.6934521317705,227.21804534953,11.2009679749971
"PI340868:250031277/PHZ51",65.7969728587478,214.617304605085,9.94215083923253
"I205:250040145/PHZ51",66.3260585200567,229.720209481109,11.8570271446483
"PI340856:250031438/PHZ51",66.7227581580151,218.376541379236,10.202220266802
"Ames27137:250033666/PHZ51",66.9123981653535,228.29907482279,14.2502492507003
"NC262:250047948/PHZ51",67.087313178907,226.430637938418,12.8880761355406
"PI539871:250040777/PHZ51",64.5503526369849,203.875452760641,12.3963500427353
"Mo17:250040833/PHZ51",66.6377336045107,225.783230538418,12.3521727577553
"PI303932:250031932/PHZ51",65.4062254478981,217.577477838856,9.96668820344854
"PI638551:250031150/PHZ51",67.2685606966561,229.199897205085,12.7063673062778
"EP39:250040841/PHZ51",63.4577318932967,209.949156460641,9.48874623074263
"Ames22757:250033587/PHZ51",64.4874235363287,225.737674982863,10.1217956430161
"PI340862:250035182/PHZ51",66.2600800701223,216.422119427307,10.5175400610996
"Ames19313:250033580/PHZ51",64.6972357405112,204.265082382863,11.7511044363049
"A619:250047940/PHZ51",63.8591080659688,226.310196147518,11.6142892059006
"EP32:250001429/PHZ51",64.4504185861164,229.8810650489,10.6199703553363
"PI550527:250033357/PHZ51",67.4534013044445,248.748592148067,11.691847067452
"PI539922:250031430/PHZ51",66.4773228417201,238.943036592512,12.4322770136864
"NSL30059:250033570/PHZ51",61.8006345871752,223.949526827308,12.9196520135126
"Mo46:250040028/PHZ51",67.3669073122145,232.968415716196,12.2222538717119
"Ames27183:250033548/PHZ51",64.1233957121152,213.023230538419,11.8664555620652
"PI606768:250035084/PHZ51",65.5988491996508,228.54174904953,12.561572955287
"EP31:250001512/PHZ51",62.2340681158434,223.264712016196,9.51803426948642
"PI303939:250032431/PHZ51",66.4380128268206,241.96804534953,10.6043897817349
"A554:250047963/PHZ51",64.2276715918679,225.912860160641,10.8112819451411
"NSL30058:250033846/PHZ51",63.8543487280681,220.8810650489,NA
"PI601080:250033851/PHZ51",63.2264404227359,223.552119427307,11.2113768161408
"A659:250039829/PHZ51",64.6105790451127,236.504712016196,10.9928489196621
"Ames28186:250035062/PHZ51",64.92418623007,219.020851888482,10.1712923407775
"A239:250047930/PHZ51",65.1162280922952,237.97804534953,11.7279360572721
"PI553062:250033868/PHZ51",65.1552738016575,222.790389788072,9.8508551009556
"A634:250040129/PHZ51",66.1547588957021,228.829526827307,12.4007405706138
"PI587149:250031958/PHZ51",65.6511091483013,251.644712016196,12.3137259716066
"EA2841:250001456/PHZ51",67.492237410978,220.228415716196,11.2852260557168
"NSL8583:250034757/PHZ51",65.5384964450363,220.015082382863,10.3641888718171
"Ames27196:250031938/PHZ51",65.9395843773168,207.683048675874,12.1138554942022
"NSL8585:250034723/PHZ51",65.4351939492711,239.227304605085,10.1723316362437
"EA2000:250001436/PHZ51",64.1017994984951,214.912860160641,11.2654678652931
"Ames24712:250041424/PHZ51",66.1349761690342,210.773971271752,11.8779892277595
"EP71:250001439/PHZ51",64.3010559880534,217.662860160641,10.9534695917327
"A635:250040198/PHZ51",65.0399816305655,225.801378682863,11.3787238519698
"Ames19016:250031305/PHZ51",66.5283156885916,226.672489793974,12.0365841759896
"Ames27068:250034794/PHZ51",64.3367033936986,209.8810650489,NA
"PI553057:250031526/PHZ51",64.679602402286,232.28129113218,NA
"NSL30053:250031704/PHZ51",68.3377821910046,225.763624286407,11.1983865913668
"H99:250040040/PHZ51",63.5196022682345,214.228415716196,12.0175708941676
"Ames19288:250041724/PHZ51",65.7913479269926,235.268564069842,12.3163756097604
"PI550503:250035245/PHZ51",65.1933451452133,226.515082382863,12.3400375787397
"EP10:250001483/PHZ51",65.0454434545007,233.505082382863,9.68996684011268
"A682:250047957/PHZ51",64.2466100020394,222.340741489457,11.4187780910134
"PI303940:250031280/PHZ51",65.2969407539839,233.64434164953,11.5165645217122
"EP42:250040839/PHZ51",62.3124639652575,220.671378682863,10.6064947350796
"Ames19014:250033702/PHZ51",67.7532303585224,227.935334426484,10.9023407894916
"PI596501:250031262/PHZ51",65.3351453679765,215.048897393319,11.194612492974
"A641:250040046/PHZ51",62.893029298742,213.810267571752,11.1696440921535
"PI587151:250031935/PHZ51",66.7480212399449,220.090741489456,12.6539440399661
"Ames19326:250033412/PHZ51",65.4625554273679,220.153600905085,11.7635359940383
"Ames23467:250032581/PHZ51",65.0195009560226,211.588415716196,12.5238500422807
"Ames27057:250040778/PHZ51",63.5992729734884,200.3810650489,NA
"NSL65874:250033613/PHZ51",68.0650145777095,236.09804534953,11.8187197455528
"PI200191:250032395/PHZ51",66.3940371990604,232.255452760641,10.909143332013
"Ames27069:250032425/PHZ51",65.4467649641858,227.885082382863,11.7782755666522
"PI340853:250031924/PHZ51",66.7331028714486,228.533600905085,10.6884369901134
"M14:250047977/PHZ51",65.9361773720962,226.786413341319,13.2566417090856
"EP2008-04:250001455/PHZ51",62.8732278503855,217.382230726652,NA
"NSL28966:250033589/PHZ51",64.8200223857055,231.986413341319,12.9470806055975
"PI340857:250031370/PHZ51",65.1584617983058,231.153492072512,10.6994147341036
"PI601190:250032427/PHZ51",64.5660672336725,221.93174904953,11.470456990057
"PI340813:250031679/PHZ51",66.3099360058525,224.565003239453,11.9197275445827
"Ames2332:250031367/PHZ51",65.5959532393125,216.80174904953,12.9742669917438
"PI340847:250031060/PHZ51",67.245939909034,229.893971271752,11.4016380677995
"Mo47:250040136/PHZ51",66.4912174426202,220.135452760641,12.4369849895348
"PI340866:250033843/PHZ51",66.1063186811275,227.505082382863,10.2612497898428
"PI607527:250032264/PHZ51",63.3978032090716,235.514712016196,10.0430497180018
"PI340856:250031438/B47",66.5074444774397,200.958415716196,9.76113674050819
"Ames27066:250032840/B47",66.2663116832169,205.97804534953,10.6346305697016
"PI553059:250033697/B47",68.1390629439899,235.153230538418,9.62925169575427
"PI601190:250032427/B47",64.6360876480614,201.089156460641,11.3776387351847
"Mo46:250040028/B47",66.3132168764903,206.570637938418,10.5386537775706
"Ames22751:250033739/B47",65.6421352704976,191.819526827307,10.2224513593708
"A641:250040046/B47",61.8807407173488,191.422119427307,10.1949163326661
"EP44:250001513/B47",64.3608601395515,208.3810650489,NA
"PI606768:250035084/B47",65.7335376341603,196.829156460641,11.5634818667721
"PI596499:250031409/B47",64.8227089550641,225.405270909208,10.7982945819305
"PI553063:250031393/B47",65.282202668887,231.293230538418,10.8747110248824
"EA2841:250001456/B47",64.1475487333417,213.764712016196,12.1520670353308
"NSL30058:250033846/B47",65.012570238421,207.3810650489,NA
"EP31:250001512/B47",61.8411532916829,213.514341649529,9.45475058415908
"EP2008-03:250001485/B47",65.5128954277947,219.55174904953,10.0699121078414
"A554:250047963/B47",63.826038986338,191.519746661319,9.29374337874518
"EP2008-05:250001510/B47",63.5959319999818,239.3810650489,NA
"Ames24727:250032402/B47",64.4249649117781,205.579742072512,10.8761301095658
"NSL438033:250035105/B47",65.1238300540585,211.427230757951,11.9050066964513
"H105W:250040018/B47",66.1736417382174,200.403230538418,10.6655046545225
"PI539871:250040777/B47",64.8128173215548,195.488112810018,11.5220150619231
"Ames19014:250033702/B47",65.8105427648531,215.79174904953,12.3279049067272
"Ames14211:250031517/B47",62.5845928219976,174.600992072512,10.2502735007079
"NC262:250047948/B47",66.850646644201,209.987304605085,11.8467818876558
"PI553055:250033661/B47",62.7204174509149,217.882408156123,10.3531965915345
"PI340813:250031679/B47",65.6480087522322,203.779473585243,9.98265132737616
"PI340853:250031924/B47",65.269137273535,211.570267571752,9.70571068571761
"PI340866:250033843/B47",65.9706169011593,215.005452760641,9.67219524905788
"Ames24733:250032570/B47",64.2797482996335,216.811008316196,10.9141061613026
"NSL30059:250033570/B47",62.0970928844582,218.919746661319,11.5000438823401
"PI596500:250031637/B47",64.6339417546368,205.422489793974,10.7336512946286
"PI553057:250031526/B47",64.4705206015448,206.053080001319,10.159150845893
"PI340859:250033058/B47",65.1865519068044,205.4485214856,10.6774826469611
"PI303936:250031312/B47",63.5605871896598,213.933210553292,11.1898038898707
"H84:250040171/B47",72.6546779789647,183.312850173914,8.01027167557599
"Ames26803:250033724/B47",66.694036400748,214.737674982863,12.9169906464313
"PI596505:250031375/B47",65.5041906589428,241.866629874643,11.6655850768659
"PI596502:250031493/B47",65.5443845054081,227.505082382863,11.6043649463944
"PI303939:250032431/B47",66.4039079427863,223.200267571752,10.9002260305342
"PI604605:250032404/B47",66.2027703154655,213.26718235752,11.9544066208742
"PI303932:250031932/B47",62.5896876161939,209.415422104251,10.1163475107343
"PI601080:250033851/B47",62.7420499667437,219.8810650489,NA
"B103:250040806/B47",63.7284032155502,195.839526827307,10.908844053688
"Ames19326:250033412/B47",63.8220638295719,209.413230538418,10.5237271846492
"PI601612:250031380/B47",65.254237099387,221.977674982863,11.8963325243341
"A659:250039829/B47",64.5510491149237,203.604730757951,11.3192091939419
"Ames2332:250031367/B47",64.8858134039046,204.80174904953,12.1689793025219
"NSL437903:250031555/B47",65.3427201059485,221.486193493974,11.0425709256033
"PI303940:250031280/B47",64.6398266514196,218.2501881606,11.1736761662355
"EP32:250001429/B47",63.0947603910519,211.471524897913,10.6824261648832
"NSL28966:250033589/B47",65.7447923749601,218.571008316196,11.98070515674
"PI303933:250032531/B47",64.1538901534923,206.172119427307,10.9211256124425
"NSL29286:250033729/B47",65.0141955235819,194.820267571752,11.2901343358953
"Ames28186:250035062/B47",63.1093094138783,198.005823127307,10.2784596026275
"PI340830:250034707/B47",62.7773518879254,214.604452959985,9.34545639103371
"A634:250040129/B47",65.1778393097269,208.746563871752,11.6031773159373
"Mo47:250040136/B47",65.6904043915944,207.653230538418,11.8800840985478
"PI524969:250034724/B47",64.7349809113375,211.810267571752,11.482042349157
"NSL437923:250031198/B47",66.9832555793392,217.950267571752,12.7180186738524
"EA2024:250001473/B47",64.9316328730387,212.959156460641,11.4198467930892
"NSL30894:250031446/B47",66.979710964544,214.8810650489,12.0495659714877
"Ames27069:250032425/B47",64.5953633549473,209.681008316196,11.5084354862933
"B76:250047994/B47",68.0544655003143,184.7189381606,8.91242803775295
"Ames23475:250032324/B47",63.099267422328,208.708415716196,9.79074182247215
"EP71:250001439/B47",63.1627747266333,205.117304605085,10.7521072880527
"A682:250047957/B47",64.0608531311268,209.843480757951,11.4057127293808
"NSL8585:250034723/B47",63.2530433498706,217.533230538418,9.74299875847239
"H99:250040040/B47",64.8597237928714,197.968786093974,12.0239222856398
"Ames19293:250031532/B47",65.4394855286455,211.51434164953,10.9209146018902
"PI550503:250035245/B47",61.7226692291906,223.8810650489,NA
"A679:250040001/B47",65.0306449439914,213.412489793974,11.7202904690265
"EP52:250001452/B47",65.4603070901788,218.265452760641,12.3192214027552
"Ames27183:250033548/B47",64.4074157246046,203.763971271752,12.3355037648586
"A635:250040198/B47",64.3237285754187,199.800196147518,11.5282031286095
"Ames19313:250033580/B47",65.6988484420412,193.245452760641,12.7448025471079
"Ames22757:250033587/B47",63.4728641476628,208.570637938418,10.8690626432173
"EP42:250040839/B47",63.5239840365076,204.716733409567,10.3982068475116
"NSL65874:250033613/B47",65.4952618146506,225.588409533075,10.6636553208671
"EP39:250040841/B47",63.9798565899923,190.514459723817,9.83209354856864
"A619:250047940/B47",64.1524752428541,208.847304605085,10.9868469850912
"PI553056:250031329/B47",65.7012370946152,242.024712016196,9.67073563580655
"A239:250047930/B47",64.7547922965233,200.470209481109,11.1195397463047
"Ames27068:250034794/B47",63.6825302492579,194.236934238419,10.1980480655367
"PI200191:250032395/B47",66.2739242814615,215.838786093974,11.6808253074152
"EA2000:250001436/B47",62.3292982004848,195.519746661319,10.0254310152447
"Ames28364:250034701/B47",63.5586778604243,196.498112810018,10.2838566992067
"PI340829:250040793/B47",62.8625656038686,175.8810650489,NA
"A632:250047950/B47",66.0595060543641,213.468415716196,10.2638867369249
"Ames27046:250035213/B47",62.3658782098419,210.857674982863,9.11563853634034
"PI340862:250035182/B47",65.070763745404,207.581862810018,10.9066262470779
"PI200194:250033717/B47",66.1901358180316,234.338415716196,10.5717443558875
"NSL437893:250035141/B47",66.1535143482726,235.3810650489,NA
"B105:250040023/B47",65.5823424845672,208.181008316196,11.9282832375899
"N192:250040210/B47",64.1048337393499,197.748529485018,12.5009116128683
"M14:250047977/B47",64.4686160890325,204.17174904953,12.0180360052337
"PI340867:250033818/B47",63.6480247364095,208.902860160641,10.0501435436117
"PI553062:250033868/B47",65.2962313471304,204.085836576953,8.80869352234991
"NSL8583:250034757/B47",64.9914828931995,210.8810650489,11.0034423811569
"PI607527:250032264/B47",62.1765260934047,214.042489793974,9.76591676616416
"Ames27057:250040778/B47",62.3686261968998,191.391490617926,10.6511108254953
"EP10:250001483/B47",65.667321103849,204.227696147518,9.36384219344269
"Ames19288:250041724/B47",64.2460548874063,209.272313816962,11.9141303326323
"PI340858:250031671/PHZ51",66.5922451523231,237.807748911262,9.73389638549304
"Ames27083:250032026/PHZ51",69.4468424862704,249.218415716196,11.6173636717398
"NC250:250047923/PHZ51",67.0219607075693,241.672860160641,10.7416171985395
"Ames27167:250031282/PHZ51",67.3705896247963,239.191008316196,12.1780356062972
"Ames27079:250033309/PHZ51",71.0902657877293,237.12355301483,16.980273914939
"Ames12818:250033615/PHZ51",68.2384390022917,256.51434164953,11.7484586518156
"Ames12824:250031960/PHZ51",65.8107959269883,232.125823127308,11.4095724580428
"Ames27184:250031512/PHZ51",65.7590055523823,236.792119427307,11.9900884245437
"PI631444:250031043/PHZ51",69.7641142129847,247.274712016196,10.7501825353999
"PI550547:250031784/PHZ51",72.8391760877962,257.941886348163,12.130223291225
"Mp339:250040217/PHZ51",74.1257733996808,248.8810650489,NA
"Ames27089:250033352/PHZ51",69.3418047600517,234.261886348164,12.9361061423163
"Mo45:250040213/PHZ51",67.5383257617952,238.976934238418,11.5307386647832
"Ames27123:250031879/PHZ51",70.2504480838502,237.05410856483,11.9792835412205
"Ames26120:250034828/PHZ51",69.3832855368883,253.493341826652,12.4280218032632
"Oh603:250047972/PHZ51",67.5761828939749,239.290980757951,11.8379027747066
"Ames27151:250034968/PHZ51",66.8676690800133,241.978811178856,11.6263833801289
"Ames2341:250031415/PHZ51",67.2908179528653,249.828786093974,11.3724796649163
"Ames27193:250031520/PHZ51",67.2492047155116,244.255823127308,11.8329129232277
"B115:250040029/PHZ51",72.2048015776906,211.334422787824,7.91212118251063
"PI550518:250032794/PHZ51",69.1907588839032,251.011330798164,11.2991464383675
"B77:250047998/PHZ51",67.4956915643236,235.709156460641,11.435780742384
"Ames27141:250031331/PHZ51",68.5703703146356,230.375823127307,11.6219066860731
"Ames27177:250031041/PHZ51",68.9896613019487,256.389730757951,12.2897868739736
"PI587150:250041524/PHZ51",66.4890612011449,238.005452760641,10.8765779075232
"Ames19000:250031259/PHZ51",67.2957915060904,237.51434164953,11.3775787147345
"B57:250040068/PHZ51",68.0116655103957,226.644712016196,11.9758201792643
"N7A:250040820/PHZ51",65.964400281827,233.403971271752,14.6800866406792
"PI601777:250031875/PHZ51",67.4045482934361,254.738480757951,14.292091628726
"PI340850:250034819/PHZ51",69.2997423576196,245.260980757951,10.9048186565912
"Mo18W:250040814/PHZ51",74.2488492482408,236.826675159986,NA
"PI550521:250032854/PHZ51",70.3787226851558,266.64434164953,12.6073487593243
"PI550522:250032895/PHZ51",69.7489889093125,252.39434164953,12.8071558308497
"PI604606:250031904/PHZ51",67.178568492436,232.822230757951,11.463637954278
"PI633727:250031768/PHZ51",71.8243756378901,246.025219681497,11.7004584754496
"PI531510:250033743/PHZ51",67.655987023312,236.364730757951,12.3544039442452
"Ames27171:250032851/PHZ51",71.2892655831056,259.831330798164,12.2925484392808
"B79:250040167/PHZ51",66.5481033988895,233.505823127307,10.6182550585009
"Ames27124:250031713/PHZ51",75.8084726401108,230.919351201365,12.34098534143
"Ames26769:250031772/PHZ51",69.4709734763014,240.126193493974,11.3424927373319
"NSL22635:250032981/PHZ51",67.8255151789835,234.248796483873,11.564657356327
"Ames28184:250033308/PHZ51",74.4264421552038,257.734664131497,11.1823700434883
"B14A:250040044/PHZ51",69.0447188095789,232.476079334618,11.854531299879
"PI592734:250033722/PHZ51",67.0829779465604,238.530980757951,10.98426898724
"Ames19328:250031547/PHZ51",69.7228910430127,244.593480757951,11.0174385211251
"Ames27081:250033463/PHZ51",69.1072612561349,244.137351201365,12.3151062896231
"PI596627:250033155/PHZ51",66.273360842597,241.798644030917,13.190660891349
"Ames28935:250031036/PHZ51",71.532651588825,240.553905855056,10.5456078933946
"Ames12815:250031896/PHZ51",67.3035702898025,228.681378682863,11.9899076755757
"CML277:250040807/PHZ51",77.1081185338973,258.691886348163,11.2915891605996
"Ames27134:250032793/PHZ51",70.6808927157761,245.78855301483,10.9534524968742
"PI340860:250033699/PHZ51",66.6721290249353,233.163230538418,10.0118508250577
"PI606330:250035081/PHZ51",68.2789874120063,252.15434164953,13.4470088386909
"B37:250040081/PHZ51",67.1619306430332,251.672489793974,13.5305805682655
"Ames27097:250033321/PHZ51",68.4913378160055,236.886330798163,12.3893625667096
"B46:250040209/PHZ51",67.1996637265748,243.283230538419,11.8889884528419
"PI641229:250031189/PHZ51",66.1000583209887,246.005823127307,10.7278341292775
"Ames12820:250033583/PHZ51",67.1066606687593,231.051378682863,11.0361293751364
"PI601171:250033705/PHZ51",65.9227308293096,235.190637938418,12.5622984931807
"Ab28A:250040159/PHZ51",72.3256197794938,248.48083896562,NA
"Ames27112:250033030/PHZ51",71.160987066143,233.042489793974,14.0704632941535
"Ames27096:250033461/PHZ51",69.0796898170927,246.584713353146,12.8308668064185
"Ames26138:250032805/PHZ51",66.9276603058523,244.470209481109,10.8434512162005
"PI550520:250035222/PHZ51",69.8068330401512,246.776330798164,10.9108240084814
"Ames22754:250031565/PHZ51",67.3498278924704,228.822505429251,12.5331595380575
"Ames27175:250033218/PHZ51",67.3168250125916,234.422489793974,12.4792591368746
"Ames27133:250032830/PHZ51",72.526848914869,246.282764498768,12.0989945186724
"PI550546:250033196/PHZ51",70.7662672613438,238.775775231497,15.0587558250002
"Ames19319:250033727/PHZ51",68.7142571544531,230.724354955051,12.638586331262
"Ames28932:250031061/PHZ51",68.2545775620266,233.311378682863,12.1362668947426
"CML247:250040838/PHZ51",74.5884764965376,251.12299746483,12.2128598932077
"PI601172:250035080/PHZ51",67.851223611232,242.579897205085,11.9401569567275
"PI593010:250040779/PHZ51",71.3731977228342,248.441886348163,12.6553505944266
"CIze82:250035102/PHZ51",68.5876160704991,245.301008316196,12.3422753123155
"DE811:250040133/PHZ51",67.1525234702396,241.614730757951,11.9063003361523
"PI540745:250033363/PHZ51",73.8730074874829,261.789664131497,13.2011387055121
"Oh603:250047972/B47",66.6974371859335,225.618635899326,10.9524617043571
"PI601171:250033705/B47",65.8813686634063,215.599006277103,12.2752199691854
"PI550546:250033196/B47",69.7082134497943,222.832216622858,12.391474191975
"CML247:250040838/B47",73.5470616850118,219.944438839525,11.5406756802469
"PI596627:250033155/B47",70.5257683480801,222.273352529121,11.8730504928851
"Ames27187:250035087/B47",66.7727714825626,225.275113509373,11.3438720851669
"Ames27120:250031769/B47",67.7816748358057,215.608635899326,9.53267622804576
"CML52:250040810/B47",NA,NA,NA
"Ames27088:250033320/B47",72.5002462921896,224.553825494306,13.0375960721126
"PI550517:250033064/B47",68.4130625821339,239.609006277103,12.4007842019904
"B46:250040209/B47",67.6611455457269,219.053450721548,12.1899649064715
"PI596501:250031262/B47",66.2369910594911,210.658430752471,12.2737245228046
"B109:250039749/B47",66.6391155410782,207.784561832659,12.3145389453511
"B97:250040809/B47",65.5473370307925,218.10937664377,12.3626591190567
"PI641254:250032068/B47",66.309231658312,237.414561832659,10.5394312292355
"CML277:250040807/B47",73.1230179229448,230.498327739525,11.9786495519069
"Ames27112:250033030/B47",69.8318590288611,228.737895165992,13.4970657932384
"Ames22754:250031565/B47",67.1685127401939,190.081656441032,11.8009895627314
"Ames27083:250032026/B47",69.0700403262808,230.033821088215,11.3113116994254
"NSL30901:250034742/B47",67.4257228738372,217.099006277103,11.3316721594887
"PI601777:250031875/B47",67.1434106652993,225.154932199326,11.4531111956858
"Ames26120:250034828/B47",65.8165794000581,210.104610516039,11.5958925432879
"Ames27095:250033282/B47",74.3016960692243,248.453272947521,10.008775794119
"Ames27081:250033463/B47",68.6036417444314,219.944438839525,12.0807333822144
"Ames27138:250031505/B47",67.2732952851047,214.404932199326,11.8484395932496
"I205:250040145/B47",65.5965735842755,205.949135672285,10.4527433053015
"B79:250040167/B47",67.0482582173778,197.228635899326,12.1171671106492
"Ames27134:250032793/B47",70.1085559763113,203.94326991924,12.4264938331763
"PI550521:250032854/B47",67.1422827854524,217.914561832659,11.8787835594086
"Ames19284:250032795/B47",68.2879226826692,225.608635899326,12.0056853157281
"PI550547:250031784/B47",69.9804998435606,223.902216622858,12.8255884220488
"Mo45:250040213/B47",66.4810029343992,222.043450721548,11.8558653832421
"Ames27113:250031645/B47",85.636065718227,289.568319932142,12.8420887137507
"Ames27178:250042566/B47",67.4154711213591,219.293450721548,12.5686895801004
"Ames27185:250031571/B47",66.9137319907182,227.469747010437,12.4559003267232
"38-11:250040073/B47",69.1185497330874,214.923450721548,11.3296907818728
"Ames28935:250031036/B47",71.2120300202231,219.582943853539,12.0453707674431
"B68:250040182/B47",68.2123100105864,202.995569583897,12.3364098399159
"PI550522:250032895/B47",70.1715718929577,234.147102529121,11.947425483316
"Ames19327:250033180/B47",69.808996571733,236.540549956191,12.1950833545926
"PI601172:250035080/B47",67.1917017153104,216.687110516039,14.1956925559702
"Ames27079:250033309/B47",70.1265567706367,215.208883289525,13.5447601549603
"B75:250040146/B47",66.5361915698008,219.164932199326,11.5627522749855
"PI542953:250031023/B47",71.0842045311723,213.098635899326,11.7768347678463
"Ames15929:250033855/B47",65.8141360013887,205.673450721548,11.2568719613723
"Ames27160:250031274/B47",66.8833550257834,210.154561832659,11.6308912333586
"DE811:250040133/B47",67.6289875861757,217.081228499326,11.9115449389888
"NSL22630:250035258/B47",65.9548231643697,211.858635899326,11.1707619440597
"Ames12820:250033583/B47",66.8866408615086,206.914191454881,11.111261606503
"PI550518:250032794/B47",68.0196139127925,223.373327739525,12.3109788470024
"Ames27167:250031282/B47",67.1851709465633,215.386043310437,12.1208859166762
"PI595569:250033480/B47",70.0079057525595,230.275113509374,9.51047048094144
"Ames12815:250031896/B47",67.8249011461072,196.024377580664,12.069252522198
"NSL242484:250033779/B47",66.5364852792334,222.122142990952,11.691369399138
"Ames27089:250033352/B47",69.1742651782236,205.876786117705,11.2324298873899
"33-16:250047984/B47",67.8714981763593,208.182339610437,12.6082958901328
"PI340858:250031671/B47",65.5272583058002,212.837334282974,10.0538985591713
"PI596629:250033050/B47",68.485838970578,218.368265532659,11.4518396067025
"B57:250040068/B47",65.6505415519232,204.432759223906,12.3995817958588
"Ames12822:250033599/B47",66.259032655475,203.793450721548,10.7543719393858
"Ames28932:250031061/B47",67.1049132265645,216.201228499326,12.7445838058626
"PI540745:250033363/B47",71.4465139964385,241.012772172858,12.7469731539835
"Ames27177:250031041/B47",68.9772939752133,233.080858121548,12.8686850031884
"CIze82:250035102/B47",65.5478180724375,215.672709977104,11.8185560164984
"B14A:250040044/B47",67.1628814195628,221.05308034377,11.7420135803718
"Ames27097:250033321/B47",67.8029959522647,222.859994406191,12.6808166334418
"Ames2341:250031415/B47",69.6084630445405,230.887055872983,9.84839687820319
"B115:250040029/B47",67.6719788577259,221.255476330952,12.0079113571672
"Ames30533:250041576/B47",66.8130419009903,210.608446842707,9.11563905201586
"Ames19323:250032910/B47",69.0375324716756,217.311969232659,11.7424855344494
"Ames27171:250032851/B47",69.6970702719325,240.943883289525,12.6069125807878
"Ames27141:250031331/B47",69.7961597415975,202.267205523009,8.08276915441282
"N7A:250040820/B47",65.8204718785532,198.200858121548,11.8027078481633
"PI340847:250031060/B47",65.8300913753959,215.209747010437,9.98363415055732
"PI553060:250033673/B47",64.6436239870959,210.05289127604,8.41242059578531
"Ames27124:250031713/B47",73.1435757844309,207.541105506191,11.2341391099764
"PI540747:250032054/B47",69.865363242622,233.916661072858,12.6316770349031
"PI641226:250032967/B47",68.6531671973367,224.361105506191,12.0442223740585
"Ames27101:250033296/B47",70.6044154330457,235.249438839525,11.7169698759255
"Ames27151:250034968/B47",65.8199818081538,223.387055872982,11.6358506664779
"PI592734:250033722/B47",66.886663731478,208.210858121548,11.7543369568749
"Ames19000:250031259/B47",66.6921686936728,205.460487754881,12.0992155798032
"PI506247:250033436/B47",69.7541489136379,244.777452777706,13.8144884273938
"Ames26769:250031772/B47",67.2197917539407,220.330487754881,11.2664682358304
"PI550534:250033287/B47",70.5143244830153,225.542216622858,12.2641337036679
"Ames27133:250032830/B47",71.6413626376616,214.971105506191,12.4099361800161
"Ames19319:250033727/B47",66.8992594231697,219.997895165992,12.6851120236528
"Ames26138:250032805/B47",67.1098502794706,206.350117388215,11.6773953932744
"Ames27175:250033218/B47",66.645765757758,216.354610516039,13.5254345702003
"NSL30053:250031704/B47",65.9800233996598,209.219747010437,11.2449606192209
"Ames27065:250031573/B47",67.3856072255977,217.481685866621,11.9540413748773
"PI340860:250033699/B47",66.0870398619799,214.654932199326,9.78015918018017
"PI587150:250041524/B47",66.2801417400157,209.440019191621,11.9822551535881
"A680:250047931/B47",66.5948993201511,217.520443853539,12.0469449232277
"B73:250040827/B47",66.8760295117157,218.687110516039,11.6051750593689
"PI633727:250031768/B47",70.2268073290372,227.235549956191,12.9379176883242
"NC250:250047923/B47",68.2111578971325,200.414561832659,10.3427078620931
"NSL75979:250034750/B47",67.335531201966,227.016043310437,10.3591772246956
"B77:250047998/B47",66.4026968122814,225.080117388215,12.4514293303029
"Ames27096:250033461/B47",71.004812456643,221.888883289525,12.5715995600163
"B37:250040081/B47",70.8730405827896,202.895027191039,11.3558490621527
"Ames22753:250031531/B47",65.520355731021,199.007524788215,10.976461041048
"PI506253:250032086/B47",70.237300880855,222.137216622858,11.8314497342923
"Ames27130:250032034/B47",71.0937948633596,222.035627580664,11.3896788449465
"PI593010:250040779/B47",70.2238055292305,215.235549956191,12.3947883717526
"Mo18W:250040814/B47",73.0998413876057,218.041661072858,12.4072313821207
"PI540747:250032054/PHZ51",71.0879007967757,258.662728713155,12.2309495578602
"NSL437877:250034876/PHZ51",71.5563841530227,239.846384703967,13.244989819263
"NSL437891:250031310/PHZ51",72.2904394656023,251.82605645362,13.1684246467095
"NSL437908:250035219/PHZ51",69.6046384251203,236.273421748412,11.5852488158793
"PI601159:250031264/PHZ51",67.4768531812466,229.540864113402,11.772798306722
"Ames27053:250032316/PHZ51",68.9230698214871,207.548385196534,11.33469278342
"NSL437996:250034948/PHZ51",68.0079744723973,240.852252469812,11.6087448547012
"NSL438007:250031057/PHZ51",67.4362347378953,239.75490322619,12.2212532992866
"NSL437905:250034600/PHZ51",67.7228188290312,258.272681003968,11.8128770439537
"NSL437976:250031162/PHZ51",68.0017591119641,234.495273592856,11.4867081711992
"PI539927:250031434/PHZ51",65.7933472770069,229.096014337301,13.3116063886681
"NSL437933:250034963/PHZ51",67.8140767924691,241.032310637301,11.9942520081673
"Ames27120:250031769/PHZ51",68.2088502358694,244.19860692619,9.98820973380214
"Ames30524:250042370/PHZ51",69.0636810455641,252.883051370635,12.4906611491693
"NSL438023:250034852/PHZ51",69.1836067146776,230.005580267906,11.2136926824602
"Ames26798:250031326/PHZ51",65.1481534857332,230.14119952619,11.4287464580981
"PI539926:250033572/PHZ51",66.9170812815934,225.24490322619,12.8805468103521
"PI601564:250032383/PHZ51",69.3681548794064,232.217866192856,13.237587352297
"Ames26797:250031511/PHZ51",70.3631732832998,244.897173163155,12.6277324056054
"NSL437925:250035134/PHZ51",68.3618081028855,242.476384703968,12.5126214066143
"NSL437920:250031052/PHZ51",68.0348477834019,235.309718037301,11.5684731007102
"PI596629:250033050/PHZ51",71.1142368682429,252.680088415079,12.0539783863721
"NSL438009:250031063/PHZ51",68.3564531747887,245.07860692619,12.334207730912
"Ames27113:250031645/PHZ51",73.5261993789803,261.522173163155,12.6095833042802
"PI592741:250033859/PHZ51",68.0145697371056,222.670458781746,11.8721395214339
"Ames26794:250034719/PHZ51",69.3652312404818,253.865273592856,11.8139896086198
"Ames28365:250034588/PHZ51",67.6230254065924,238.923385196534,11.0886614526458
"NSL437992:250035203/PHZ51",66.6190996757001,249.338236559523,11.4250705551793
"NSL437979:250035192/PHZ51",68.1046931593103,230.114532859523,12.9869146245502
"B104:250047938/PHZ51",67.7670063181206,237.986014337301,12.5972387260149
"NSL30864:250034698/PHZ51",67.0956703863717,239.633421748412,12.6156957342939
"PI537097:250033872/PHZ51",68.8896587791297,234.861661258762,12.7365714078101
"NSL437983:250035065/PHZ51",70.0522451652106,228.052252469812,11.3366408163014
"PI506246:250033421/PHZ51",73.7070041956387,259.714184840807,12.951952523852
"Ames19323:250032910/PHZ51",70.0413974555954,252.633421748413,12.8938039832128
"NSL437994:250034874/PHZ51",66.8566442800027,251.847125448412,11.5438312786039
"PI506255:250031967/PHZ51",71.4249560531411,249.439950946488,13.3538107557627
"PI539923:250034739/PHZ51",68.4263660032865,247.893051370634,13.5215675939585
"PI641254:250032068/PHZ51",69.3933108156295,261.597125448413,10.7974829778519
"PI583847:250031066/PHZ51",66.230762778784,250.164803877995,11.6881346554531
"Ames30529:250041698/PHZ51",72.8973124249913,265.341822016846,11.3534488578895
"Ames27084:250033338/PHZ51",70.2842214585569,252.328839829822,12.922888110527
"NSL438029:250031028/PHZ51",68.802297740341,240.633421748412,12.0163201250905
"Ames26804:250031495/PHZ51",67.9099337506328,229.689347670634,13.1837454844787
"PI594057:250033541/PHZ51",67.302559649531,226.957125448412,12.7643017013776
"NSL437980:250031245/PHZ51",67.8071568946951,233.318919129812,12.4583349174382
"Ames27088:250033320/PHZ51",74.248744390381,232.887055872982,13.3459178080476
"Ames19318:250031436/PHZ51",65.7796302706532,234.052252469812,11.6259862960355
"NSL437939:250031196/PHZ51",68.2453876727131,239.077866192856,11.5494224197364
"Ames22750:250040788/PHZ51",66.7213727185904,230.060458781745,11.3698172425231
"NSL437910:250034992/PHZ51",67.1472380230006,244.670829148412,12.1093718371529
"Ames28360:250031256/PHZ51",67.7358702099804,239.957485025048,12.6174606586843
"Ames26756:250031933/PHZ51",67.0087209117647,235.44860692619,10.3084772847967
"NSL437909:250031006/PHZ51",67.275005452166,245.86490322619,12.2717142681173
"Ames27082:250032044/PHZ51",70.3229279648354,240.617826279639,12.8355389768169
"NSL437995:250034935/PHZ51",67.19390712112,245.913970540495,12.3709002118586
"CML52:250040810/PHZ51",77.8775109589411,266.301850371708,12.5368690968117
"NSL438022:250031166/PHZ51",67.2510621589835,237.883792115079,11.4202406035995
"PI596506:250033690/PHZ51",64.5696449940255,234.387055872983,10.1089756985757
"33-16:250047984/PHZ51",68.5282331673652,243.559718037301,12.3648029756577
"NSL437935:250031077/PHZ51",66.865468713682,238.753792115079,12.6129895121858
"NSL437934:250035138/PHZ51",68.9710662149363,245.105643970634,11.7029219975711
"PI594086:250042568/PHZ51",65.4768784735252,234.887055872982,11.7101947266956
"PI550534:250033287/PHZ51",70.6232771126892,257.939950946489,12.3333432669091
"Ames19327:250033180/PHZ51",71.8941563390009,266.147173163155,14.4379708722509
"PI506247:250033436/PHZ51",71.3514872990145,269.051062046488,12.1999990035417
"PI506253:250032086/PHZ51",70.6242093390572,254.717728713155,12.2537279590759
"NSL437947:250031022/PHZ51",71.5211335029292,238.772310637301,12.9554363639473
"PI595366:250034822/PHZ51",67.4255631449143,234.25490322619,13.039086029015
"NSL437932:250031200/PHZ51",68.1843895003593,237.050458781745,12.6455127811987
"NSL437962:250030995/PHZ51",69.1782071605983,226.161569892856,12.7067404183109
"NSL438031:250031297/PHZ51",66.4854728145852,239.353940763201,11.2948722168178
"PI644101:250031192/PHZ51",67.8457858415733,221.327866192857,12.7738024252863
"NSL437960:250034863/PHZ51",70.241734536097,229.887055872982,11.701711285834
"NSL437931:250035094/PHZ51",68.4760658076563,218.402681003968,12.2842004811436
"NSL437930:250031163/PHZ51",67.1723846083908,250.030107031921,11.7995782218039
"PI553059:250033697/PHZ51",68.6349797998557,253.873675510763,9.77559097680716
"NSL30903:250034669/PHZ51",67.0600961060698,231.93860692619,11.0548363109971
"PI538239:250040795/PHZ51",64.8535799659378,232.91119952619,10.8391355247886
"Ames28361:250031072/PHZ51",68.3747580183341,249.864690369421,12.2996990640299
"NSL437903:250031555/PHZ51",66.2473651969144,228.883792115079,11.796057357
"PI538237:250032330/PHZ51",63.9821002532794,220.031940259524,10.6173447254165
"NSL437907:250035051/PHZ51",65.6870690561711,235.99490322619,12.1030255273945
"EP76:250001453/PHZ51",65.28914963025,237.413327921262,11.1345976690297
"PI550565:250032293/PHZ51",65.3678656392231,231.29119952619,11.1726476271084
"PI538011:250041563/PHZ51",64.4829186863096,219.059718037301,12.1102300973051
"Ames19293:250031532/PHZ51",67.4204623057342,239.266623846255,11.6405725619839
"N192:250040210/PHZ51",64.3734386615085,230.152681003968,12.2187452618602
"A632:250047950/PHZ51",65.6331656758302,245.235643970634,11.5328225101489
"PI601374:250032400/PHZ51",64.4112756758913,230.587125448412,11.9632898264876
"PI594054:250032289/PHZ51",66.3499527221919,220.04119952619,12.4015108672131
"PI596500:250031637/PHZ51",66.3547590183744,234.808488676846,11.3526255609216
"PI600957:250032450/PHZ51",65.0765038618207,235.133421748412,11.8931660848768
"PI537099:250031441/PHZ51",64.6644827756219,233.11490322619,11.6050245117132
"PI601378:250031566/PHZ51",64.1190357917887,235.226014337301,12.3085173421569
"NSL81595:250041537/PHZ51",64.0448190493815,225.457125448412,11.8355912527281
"PI601026:250032197/PHZ51",65.8526003238853,245.30094036942,12.6667115430926
"NSL243016:250033579/PHZ51",65.9550147164271,240.291940259523,11.8334262714412
"Ames23428:250034823/PHZ51",65.3993631807575,233.004162481745,10.9452551627945
"NSL438019:250034807/PHZ51",66.5800857791181,236.051773694421,12.5700217942248
"PI553063:250031393/PHZ51",67.068558474185,252.707495815079,11.1112116617831
"EP72:250001520/PHZ51",67.9030870954184,233.228023694421,10.4133405711429
"EP44:250001513/PHZ51",66.3800891611357,219.937190369421,10.467586255023
"PI601377:250033866/PHZ51",64.4979509088453,227.828236559523,11.7121644867872
"Ames23485:250032419/PHZ51",62.9163360336611,221.151940259523,10.9158749238247
"EA2024:250001473/PHZ51",65.5307048495004,229.050458781745,10.6690731384725
"PI596499:250031409/PHZ51",67.2722394627904,245.714184840807,10.7532645033042
"NSL30878:250031427/PHZ51",67.5557012045277,243.978940763201,12.0294140932973
"Ames23410:250034878/PHZ51",66.3578799575889,237.884162481745,11.5666783464799
"PI593460:250034834/PHZ51",64.1431765410391,223.781569892857,11.9245145593504
"NSL30883:250034677/PHZ51",66.3222469328499,227.401940259524,11.0118042497672
"EP65:250001490/PHZ51",65.5282870542161,223.420458781745,12.2374181834305
"PI596505:250031375/PHZ51",70.7447511838503,NA,8.61172089757658
"B75:250040146/PHZ51",67.6115714804313,243.23490322619,12.1754526474691
"Ames27118:250033353/PHZ51",64.865571996447,241.887055872982,9.50227779515628
"EP2008-03:250001485/PHZ51",66.3975200196298,236.994532859523,10.7585193056742
"A679:250040001/PHZ51",64.6699933437316,234.438977303968,12.2203163090469
"PI601150:250032418/PHZ51",65.2924630249354,233.592190369421,11.4838022270954
"Ames27066:250032840/PHZ51",66.6358602835486,235.082607031921,11.6151354138827
"Ames27033:250034614/PHZ51",63.7182097411926,213.328236559523,11.0424327599848
"PI538242:250033291/PHZ51",64.4775686021671,226.152310637301,10.7472785426336
"PI538236:250034837/PHZ51",64.2220146547973,222.726384703968,10.67377310476
"PI601584:250032547/PHZ51",64.5425425656021,228.753792115079,11.5849682511031
"EP73:250001447/PHZ51",63.5346532249356,201.588006970545,10.375437685623
"Ames23477:250034957/PHZ51",64.1177036411278,231.967495815079,10.9530223646716
"PI340855:250033790/PHZ51",66.2744142915449,234.81860692619,10.1404065828433
"Ames27052:250035197/PHZ51",68.8332875200783,217.518919129812,12.4002473433696
"PI601683:250034690/PHZ51",64.1295988472421,227.726384703968,11.1783440165906
"Ames22751:250033739/PHZ51",65.8821364541952,218.749273694421,12.0157968973067
"Ames27178:250042566/PHZ51",66.3745785461767,237.062607031921,12.0005080297928
"Ames26803:250033724/PHZ51",68.3479284963774,229.207495815079,12.0213261029209
"PI567793:250034689/B47",63.9178110734955,213.291569892857,10.2090256681271
"NSL32738:250032265/B47",61.6951652640304,191.966755081746,9.31204906576199
"Ames29030:250033707/B47",64.1899747341299,221.012589847023,11.2176944262626
"PI634207:250031551/B47",65.0217156063132,189.763421748412,10.0308295654108
"NSL75979:250034750/PHZ51",69.0388853535385,241.124532859524,10.6627595134849
"NSL81596:250034882/PHZ51",66.6491619179109,233.837125448412,11.0054467018416
"PI200194:250033717/PHZ51",68.9142251098017,255.252362202583,10.4881744863334
"Ames23427:250034842/PHZ51",65.0444899431709,239.522310637301,10.7248136288047
"PI607525:250035196/PHZ51",63.8077880948269,231.42119952619,11.27263997443
"PI601493:250035129/PHZ51",63.7115392801245,232.671569892857,11.4402900380737
"Ames23426:250032399/PHZ51",63.1641636823914,225.04119952619,11.2677405576092
"Ames27051:250032283/PHZ51",67.4284612864397,220.884273694421,11.7488752790872
"PI524969:250034724/PHZ51",65.0126348037453,224.374162481746,12.3160592162783
"PI601583:250031392/PHZ51",64.0834704503076,231.263792115079,12.0334300691752
"Ames24751:250032432/PHZ51",65.4897621176281,233.014162481746,11.7121568366609
"PI601612:250031380/PHZ51",66.0036549903249,237.281940259524,11.8800774489747
"NSL438033:250035105/PHZ51",66.1234519074056,239.726384703968,12.040210797162
"Ames24743:250032553/PHZ51",65.2433370113411,222.401940259524,11.3058452119198
"B97:250040809/PHZ51",66.4251985169598,243.168429990934,12.4442952762361
"EP52:250001452/PHZ51",66.18130632079,238.633421748412,12.047292002031
"Ames26783:250033734/B47",66.9633354097013,199.244422292448,10.8109781833563
"Ames24720:250040775/B47",64.2306908730861,211.54119952619,11.132473359429
"Ames24719:250032587/B47",64.1218846344076,207.514162481746,11.4274171972292
"Ames23457:250032518/B47",65.6648681318671,233.98490322619,11.057188402226
"PI221743:250032602/B47",65.8905167747277,205.261894442717,11.0693801988388
"PI644100:250031905/B47",63.657520802828,178.457495815079,9.99124520259633
"Ames26134:250034953/B47",66.3122878910269,230.059718037301,11.7985440747189
"PI608768:250034848/B47",64.5967976493279,211.356014337301,12.2098329483758
"Ames22439:250031884/B47",64.1460749848705,200.392681003968,11.808646376894
"PI221747:250032768/B47",63.5816331948329,207.430458781745,11.068472558793
"Ames28991:250031202/B47",65.154366393659,214.63232746628,10.0791752432341
"PI415086:250032423/B47",64.8816472856826,197.670829148412,10.974819676884
"PI340812:250033542/B47",64.1597588259746,223.059718037301,10.0431191492479
"PI267164:250032327/B47",63.5114098662883,209.448236559523,11.9084504530016
"PI608777:250031255/B47",64.5250077375206,215.498319934343,11.2462506910122
"PI520770:250032384/B47",63.4189531033834,208.380851507473,10.8850555334535
"Ames2335:250031923/B47",64.0660765204203,202.522310637302,11.9943621700658
"PI267165:250035185/B47",63.7153033868628,227.170088415079,10.0198973883395
"NSL29305:250031496/B47",64.4495970445226,221.958236559524,12.8522629288657
"Ames23474:250032426/B47",63.7221616248038,208.458236559523,11.2376830172287
"Ames23435:250032453/B47",65.4758117681254,203.883792115079,11.7230576488936
"Ames23399:250033163/B47",62.8921392021921,231.197866192857,10.4353226608037
"PI303930:250031319/B47",64.2489292530231,206.432224390866,10.0219360354869
"PI550492:250033082/B47",64.5339616155718,207.735643970634,10.4822164646789
"PI415088:250032331/B47",64.4964354019658,197.360411258762,11.032950606917
"Ames23415:250034736/B47",63.5966907555705,205.234540508755,10.8369965279707
"NSL29314:250033848/B47",64.2254546885395,212.70860692619,11.816062470175
"NSL29898:250032968/B47",63.6103015956331,210.541940259524,11.9335780576737
"PI583774:250034846/B47",64.4788654823565,219.49490322619,13.2932816744121
"Ames24723:250032269/B47",62.5577465103085,214.948236559523,10.7171308969517
"Ames23421:250032456/B47",63.4191921882813,197.828236559523,11.0826718591269
"NSL42807:250033822/B47",64.3539323743346,181.714184840807,10.0156467680086
"PI601317:250033829/B47",64.7437596008202,201.670088415079,11.9775407400627
"Ames24737:250032445/B47",63.6485762345306,200.958236559523,11.1537161680035
"Ames2337:250031554/B47",63.6588955170106,204.032681003968,11.2016033433541
"Ames26775:250034670/B47",65.9458389717517,221.531569892856,12.2692601176781
"Ames28985:250035059/B47",63.7903512342804,197.387055872982,9.28086102277004
"NSL42877:250032424/B47",62.2635284022554,208.718919129812,10.3656721578696
"Ames23463:250032436/B47",63.2272595833166,215.384162481745,11.9495078916538
"Ames22441:250032253/B47",62.9155436666979,216.270523694421,10.7183058506106
"PI267166:250035220/B47",66.4323178159095,211.606384703968,12.1333408932898
"Ames23464:250032533/B47",63.6409884973344,206.837125448412,11.9630299734432
"PI198892:250031040/B47",63.5429394095254,218.726755081746,9.73449807867056
"PI587153:250032308/B47",63.5130919748059,200.179256522023,9.96229983937205
"PI406106:250031457/B47",65.3929086681008,211.014162481746,12.8548427601065
"Ames23420:250032541/B47",63.1994147755496,207.926653271844,10.6637903386985
"NSL30046:250035132/B47",65.9521106803789,218.884273694421,12.5846581708641
"Ames23493:250033720/B47",64.1818992507001,212.578236559523,11.8506367288709
"Ames27196:250031938/B47",64.5997475623727,194.452252469812,10.7348372363989
"PI198894:250032470/B47",65.4486683258568,225.893792115079,10.8869972111758
"Ames26793:250033860/B47",67.3489206938203,226.217607031921,11.3710113811163
"Ames22442:250032551/B47",64.3248116992142,211.518137215495,10.2307149805471
"NSL29303:250031648/B47",65.9519316274622,203.384162481746,11.4534305567229
"PI520772:250034593/B47",64.2990945374842,193.957866192857,11.6375112821573
"NSL117226:250031402/B47",66.5950618105328,202.917621512821,10.2425703975966
"Ames23449:250032536/B47",63.2170044013481,205.365273592857,10.4720528870237
"Ames23495:250034605/B47",64.2534837315127,209.808977303968,11.7091053520555
"Ames24718:250034760/B47",64.8197949103449,201.290829148412,12.2639318215951
"Ames29018:250031543/B47",67.9830677909036,187.887055872982,9.32401383942826
"PI561695:250034735/B47",65.9513238174793,210.970252580495,11.4895765632069
"Ames24745:250032439/B47",65.3916949975219,211.661940259523,11.9008474632278
"PI257517:250032591/B47",64.7649630729889,204.387055872982,11.0718559940488
"PI186228:250033564/B47",63.5724752328714,209.985273592856,10.7262721191288
"PI506413:250031205/B47",63.9273090241277,195.887055872982,11.3046151522333
"PI567792:250032448/B47",64.5179383207303,200.680088415079,10.3796832242135
"Ames2331:250032832/B47",62.7002402809826,198.852252469812,11.2695640797826
"PI340863:250031313/B47",65.3975746815684,203.059718037302,10.8617274832861
"NSL29289:250033588/B47",62.4760680945652,202.962040508755,10.7467076942195
"PI601170:250032540/B47",62.8650378217114,187.141623846255,12.3632429561056
"Ames28982:250033701/B47",63.7540280584127,214.189347670634,9.34545072735589
"Ames2338:250033662/B47",64.8109202578436,198.345218350696,11.0626288456601
"PI561694:250032563/B47",63.882799782092,187.052252469812,10.2534793402256
"NSL30835:250034702/B47",63.6012151746835,194.911569892857,10.5498510541315
"PI594079:250032321/B47",65.3457483140991,200.818977303968,12.5770981230367
"PI186192:250034711/B47",65.3171560367755,203.986014337301,10.8231700410557
"Ames24744:250034928/B47",63.6264826411191,206.226755081746,11.4594723482434
"Ames26784:250031694/B47",65.1133138356164,199.337125448412,10.4748368467245
"NSL29319:250033562/B47",63.9330779788424,196.264162481746,11.2732718403961
"NSL42806:250033665/B47",63.9782524623996,205.606384703968,10.4386494511169
"Ames24708:250032562/B47",62.9691311110427,184.208483156259,10.3848665715429
"PI601458:250031890/B47",64.1582164893387,203.827866192856,12.0444888482175
"Ames26772:250031327/B47",65.9202673470853,220.44860692619,10.9432718345004
"Ames23461:250032595/B47",64.5211842941539,206.008857031921,12.4507015994765
"NSL42804:250033732/B47",64.7371664429983,226.235643970635,10.7987316636497
"Ames23480:250032452/B47",65.990793156502,207.670829148412,10.9219590235505
"Ames27049:250035190/B47",62.585555145337,193.106014337301,10.297109811877
"NSL42808:250031328/B47",64.1803322397308,201.095923197023,10.2518492764721
"PI601724:250034748/B47",64.9398222014011,208.457125448412,12.3833761843889
"PI610494:250033842/B47",67.0041229965166,208.809347670635,12.0261281622906
"Ames26004:250033478/B47",66.5993344658187,192.387055872982,9.53774453083047
"Ames24729:250033552/B47",64.2519535832931,216.995273592857,11.2125525827823
"NSL30071:250033700/B47",64.0772691544289,221.137190369421,10.9100248225269
"PI221750:250033571/B47",63.4631187790323,208.578172292448,10.839582392724
"PI415087:250032417/B47",64.186405081914,194.402310637301,10.1658728888648
"PI406128:250033833/B47",67.1630634616904,218.74490322619,11.2250977582664
"Ames29003:250031705/B47",65.7655344962878,205.137739606372,10.3946088698221
"Ames23430:250032597/B47",63.5665157857762,203.467125448412,10.3895886463305
"Ames23456:250033425/B47",64.1396891846699,218.440088415079,11.8634482400753
"NSL30055:250031454/B47",64.2978672135888,199.513421748412,11.4506209609651
"PI186219:250032776/B47",64.6584303154612,228.22490322619,11.8402242094076
"NSL30065:250031249/B47",63.2369713112083,202.838977303968,10.0817414744589
"NSL30895:250033816/B47",65.5988747990967,215.818236559524,11.7048235153626
"PI186193:250032891/B47",63.8101436315457,204.49288301628,10.3336534896231
"Ames24740:250032380/B47",67.2822767409448,228.707866192857,11.7633046895247
"NSL438022:250031166/B47",64.924159117138,211.15862927414,11.5217046428906
"NSL438036:250031071/B47",65.1648437560518,210.310458781745,11.2132959718473
"NSL29284:250031260/B47",66.4044652359778,213.824344985887,11.8781257184704
"NSL437996:250034948/B47",66.1069687049798,219.281940259523,11.1683013641836
"PI186218:250033797/B47",64.8343799751322,232.059347670634,10.0239935838522
"NSL75980:250031657/B47",66.0966563174122,218.087495815079,10.0147697501572
"PI634206:250034710/B47",67.9585063006026,210.327866192857,11.7208913961272
"Ames24717:250032544/B47",66.4880483665591,204.217125448412,10.7992256179607
"NSL437930:250031163/B47",66.3689888232423,217.300458781745,12.2834828197812
"Ames19001:250034888/B47",67.8600856670471,207.680458781746,12.1530106042249
"NSL437925:250035134/B47",67.9218273740443,229.522681003968,12.4348597982819
"NSL438009:250031063/B47",66.4009116405211,230.087125448412,12.2870722045369
"NSL437947:250031022/B47",68.5584073043311,207.170829148412,12.4830407867938
"PI406125:250034973/B47",65.9314118663073,223.153287675403,11.1186537941311
"PI596506:250033690/B47",63.7214389662224,218.396885013196,10.1779738912894
"PI542716:250033423/B47",67.175549280075,220.263792115079,10.6310205665289
"PI561533:250033229/B47",66.6011227223526,225.058327921262,11.6612696493866
"NSL437909:250031006/B47",67.3059933787648,218.290829148412,11.6612997901778
"NSL30902:250031243/B47",64.4632363172761,212.412062374158,11.2471556250015
"Ames29027:250034715/B47",65.8394127885934,213.887055872982,9.74616443358034
"PI601301:250031364/B47",66.6451018670077,213.465411258762,11.9719748778827
"PI608764:250034944/B47",65.6512482030261,206.717495815079,11.8320794567615
"NSL30909:250034666/B47",65.40629338359,205.624532859524,11.4153210074546
"Ames30535:250042447/B47",73.1678070284004,250.452873846255,12.0852480738217
"Ames29005:250031510/B47",67.6022995618065,212.334385013196,9.93290915820599
"NSL437994:250034874/B47",66.259934504586,213.846755081745,10.9560579594837
"NSL30890:250033678/B47",67.5679036093022,220.975643970635,11.3824188166163
"Ames2327:250031291/B47",66.5353624837795,200.079577921262,10.9825289376138
"NSL437980:250031245/B47",66.9482512554421,218.717125448412,12.270227742399
"Ames26794:250034719/B47",67.1964536194582,234.117829646534,11.6294881537005
"PI186227:250031901/B47",65.0678246466262,206.31860692619,11.7304436861207
"NSL437962:250030995/B47",67.2552170744962,215.873736596843,12.4588155621627
"PI221804:250035066/B47",64.3967967384477,209.929256522023,10.9304389320101
"NSL437920:250031052/B47",67.4507131886693,223.485643970634,12.9317523272589
"NSL67798:250031004/B47",67.4481614146877,236.884532859523,12.1010081338428
"PI641242:250031404/B47",66.6328553164091,221.939347670634,12.6392508946628
"Ames26804:250031495/B47",66.5907205245105,213.236014337301,12.4512760023982
"NSL30910:250031586/B47",66.2343920253453,206.936407040807,12.3746292715831
"Ames24735:250032583/B47",65.026463213888,225.513051370635,12.1031061713919
"Ames29023:250031550/B47",66.4331404998884,219.987779940866,9.80321529931482
"PI198895:250031872/B47",64.9935783476615,217.208691992086,12.3369397975937
"NSL438031:250031297/B47",65.6233760120667,219.438977303968,11.5499888518269
"PI542715:250031926/B47",67.6050205788423,219.152310637301,9.52301027182892
"Ames26135:250035082/B47",67.6162507555329,216.42119952619,11.2739182114487
"Ames19003:250033145/B47",65.409754350649,205.466244596262,10.6364404260417
"NSL29304:250042562/B47",65.3813008273976,209.57860692619,11.5424659398846
"NSL437891:250031310/B47",70.4185127108718,232.293272780346,10.9102122026898
"PI572413:250031949/B47",66.3407679781778,227.930458781746,11.6022850843967
"NSL30876:250033813/B47",65.506311355926,213.115273592857,11.3363813038358
"PI639939:250040772/B47",66.9600718687687,228.866014337301,11.6351732114081
"NSL437967:250035058/B47",66.3815963796791,229.254532859523,12.6285127801336
"Ames24716:250032388/B47",65.1583789340588,188.467125448412,11.5013517805058
"NSL30907:250034756/B47",65.9186578846937,213.049718037301,10.8392973172372
"PI583847:250031066/B47",64.954144594966,210.87490322619,11.2836718672495
"Ames30536:250041707/B47",65.7056336327787,239.49490322619,10.9715779938321
"NSL30898:250031405/B47",68.0524819997395,237.615273592857,11.4253648421336
"NSL30908:250033684/B47",66.8639946142104,214.957866192857,10.7306020174575
"Ames26798:250031326/B47",65.020080338473,199.432873846255,10.9776968869018
"NSL437935:250031077/B47",67.4069088916642,233.356014337301,12.5272039298951
"PI340861:250040797/B47",67.7425735259715,225.207866192857,9.76587635214271
"Ames29008:250034712/B47",65.4962070526537,209.77843917086,7.73706561001183
"PI607383:250031320/B47",66.62793566204,222.735643970634,12.5330667541921
"PI186229:250031250/B47",64.8031171209705,213.309347670634,11.137243297835
"NSL437995:250034935/B47",65.3105887988497,228.022681003968,11.4791631380647
"NSL438029:250031028/B47",66.4736505823686,215.716384703968,12.8301162602665
"Ames29014:250031528/B47",66.9821407781205,232.887055872982,9.45891434008443
"NSL437905:250034600/B47",67.6110605382366,226.689347670634,11.2412768912188
"NSL437932:250031200/B47",68.7808094567107,221.184161258762,12.0681774670162
"PI607523:250032539/B47",65.9699435686003,217.410829148412,11.9945403739285
"PI542957:250031693/B47",68.0982891066382,213.745643970635,12.5531131949465
"NSL437908:250035219/B47",66.3463119569639,215.901569892856,12.0696217203004
"NSL437979:250035192/B47",67.1008174610569,208.077866192856,12.1152685443294
"Ames19318:250031436/B47",65.9644328685134,191.423385196534,11.6843171639248
"PI406107:250034939/B47",66.8088865662186,227.963290508755,13.1353327938066
"NSL437976:250031162/B47",66.4416070017937,219.476755081745,11.3287388497302
"Ames22750:250040788/B47",65.3711384513643,206.37490322619,11.6537484074896
"NSL438023:250034852/B47",67.5931481685366,217.486887215495,11.6360938790926
"NSL437877:250034876/B47",67.9613514889597,211.403327921262,12.9837037233637
"PI601502:250033565/B47",66.4118759689461,217.736014337302,11.9383449797225
"NSL65868:250034684/B47",65.9704936233371,221.579863479564,11.7216924202795
"Ames26797:250031511/B47",67.4349099514686,228.387055872982,13.5471422457015
"MR20_(Shoe_Peg):250032961/B47",69.5058971446295,234.387055872982,NA
"NSL29317:250031882/B47",67.2873895819301,214.374532859524,10.5231339937772
"NSL437931:250035094/B47",67.6367824349088,207.032310637301,12.5437519317826
"Ames26770:250031038/B47",66.9026931903161,224.124532859523,11.4794092650672
"NSL438007:250031057/B47",66.7611174292402,222.717866192856,11.7880916706909
"NSL437959:250035140/B47",66.3236596271129,218.513051370634,11.5447020361497
"PI340839:250031139/B47",65.8539192280737,189.887055872982,8.98894474005625
"NSL437960:250034863/B47",69.4828057407073,187.293272780346,11.3369745160183
"PI221811:250035101/B47",65.2902514773443,215.430458781746,11.9893864908165
"Ames26779:250035088/B47",67.8191300162739,210.929347670634,12.3029655097167
"Ames23479:250032422/B47",66.3546043760736,217.518919129812,11.6120974696278
"Ames26128:250034974/B47",65.3977874516498,224.513792115079,11.7159065010544
"NSL437992:250035203/B47",66.3180326112549,213.763421748412,10.9540771230691
"NSL437983:250035065/B47",66.9014093989064,205.664716246832,10.9135509494669
"PI550556:250035005/B47",66.0237135236192,213.887055872982,11.3476893448135
"Ames29025:250031252/B47",65.9242608765237,227.782301688196,10.5061861226117
"NSL437910:250034992/B47",66.7510782489061,217.153051370634,11.0971224519675
"NSL437934:250035138/B47",68.3351478596196,226.583319934343,11.8862520024561
"PI520771:250034853/B47",65.9408749373332,220.609347670635,10.8706838054266
"NSL29316:250033555/B47",68.2419787300236,222.328588967447,11.1712138526244
"Ames28366:250033840/B47",65.530077721489,202.837866192857,12.5975095285407
"Ames30526:250042554/B47",76.8317510112281,252.26974037414,11.6408579930868
"Ames2329:250031666/B47",67.470421738377,209.606384703968,11.1012352536549
"PI506246:250033421/B47",70.7395494659149,208.480838965619,NA
"Ames23467:250032581/B47",65.2569883550848,194.48083896562,NA
"EP37:250001437/B47",63.9550116908887,171.480838965619,NA
"EP73:250001447/B47",59.8009431786106,191.480838965619,NA
"Mp339:250040217/B47",NA,NA,NA
"Ames19284:250032795/PHZ51",69.9303928057552,226.480838965619,NA
"PI594084:250032837/PHZ51",65.7826545927418,229.480838965619,NA
"Ames23475:250032324/PHZ51",64.8583733392568,211.48083896562,NA
"EP37:250001437/PHZ51",62.6760316869365,219.480838965619,NA
"PI553055:250033661/PHZ51",63.985364151346,205.480838965619,NA
"Ames28417:250031131/PHZ51",69.2091489595666,219.480838965619,NA
"Ames23423:250032440/B47",64.7181006202809,170.48083896562,NA
"PI550491:250035227/B47",58.5812705549611,186.480838965619,NA
"Ames26757:250033725/B47",64.3456417899972,202.480838965619,NA
"PI553056:250031329/PHZ51",65.7157884989347,226.480838965619,NA
"PI542776:250034949/B47",70.2044214427056,155.480838965619,NA
"Ames29017:250031561/B47",NA,NA,NA
"EP46:250001438/PHZ51",60.445464361136,214.480838965619,NA
"Ames24730:250033197/PHZ51",63.235414250566,264.480838965619,NA
"NSL30894:250031446/PHZ51",66.0612110962384,285.480838965619,NA
"Ames27101:250033296/PHZ51",76.3058368492266,220.480838965619,NA
"Ames30522:250041720/PHZ51",NA,212.480838965619,NA
